modelo,RMSE,MAE,R2,RMSE región crítica,% violaciones,mejora vs base,escenario,registros
Línea base (GMPE),0.8655,0.6847,0.8572,0.9161,0.0,0.0,"Referencia (Mw≥4, Rrup≤200)",12382
Random Forest,0.8214,0.6526,0.8714,0.6404,15.3539,0.044,"Referencia (Mw≥4, Rrup≤200)",12382
XGBoost,0.8134,0.643,0.8739,0.5294,16.25,0.0521,"Referencia (Mw≥4, Rrup≤200)",12382
XGBoost monótono,0.8178,0.6505,0.8725,0.4583,0.0,0.0476,"Referencia (Mw≥4, Rrup≤200)",12382
Red neuronal,0.8131,0.6548,0.874,0.5217,12.3958,0.0523,"Referencia (Mw≥4, Rrup≤200)",12382
Línea base (GMPE),0.8941,0.6934,0.8718,1.6363,0.0,0.0,"Mw≥3, Rrup≤400",20958
Random Forest,0.8031,0.6154,0.8966,0.6485,14.656,0.0909,"Mw≥3, Rrup≤400",20958
XGBoost,0.8287,0.6356,0.8899,0.5352,0.0,0.0654,"Mw≥3, Rrup≤400",20958
XGBoost monótono,0.8245,0.6286,0.891,0.8828,0.0,0.0695,"Mw≥3, Rrup≤400",20958
Red neuronal,0.8274,0.6348,0.8902,0.5955,0.5208,0.0667,"Mw≥3, Rrup≤400",20958
Línea base (GMPE),0.8943,0.701,0.8608,1.0967,0.0,0.0,"Mw≥4, Rrup≤300",14643
Random Forest,0.8291,0.6542,0.8803,0.6618,16.25,0.0651,"Mw≥4, Rrup≤300",14643
XGBoost,0.8385,0.6654,0.8776,0.5603,19.0625,0.0558,"Mw≥4, Rrup≤300",14643
XGBoost monótono,0.8393,0.6692,0.8774,0.4696,0.0,0.055,"Mw≥4, Rrup≤300",14643
Red neuronal,0.8029,0.643,0.8878,0.5649,13.2292,0.0914,"Mw≥4, Rrup≤300",14643
Línea base (GMPE),0.8565,0.6765,0.8603,0.8994,0.0,0.0,Distancia Rjb,12388
Random Forest,0.8157,0.6471,0.8733,0.6403,15.9521,0.0408,Distancia Rjb,12388
XGBoost,0.8076,0.6393,0.8758,0.5004,15.1042,0.0489,Distancia Rjb,12388
XGBoost monótono,0.8102,0.6445,0.875,0.4457,0.0,0.0462,Distancia Rjb,12388
Red neuronal,0.8111,0.6549,0.8747,0.6088,11.9792,0.0453,Distancia Rjb,12388
Línea base (GMPE),0.8547,0.6934,0.8508,0.8494,0.0,0.0,Solo Vs30 clase 0,4442
Random Forest,0.7404,0.5974,0.888,0.7624,20.2083,0.1143,Solo Vs30 clase 0,4442
XGBoost,0.7482,0.601,0.8857,0.5792,6.25,0.1065,Solo Vs30 clase 0,4442
XGBoost monótono,0.7415,0.6062,0.8877,0.6264,0.0,0.1132,Solo Vs30 clase 0,4442
Red neuronal,0.7722,0.6182,0.8782,0.932,0.625,0.0825,Solo Vs30 clase 0,4442
