modelo,RMSE,MAE,R2,RMSE región crítica,% violaciones,mejora vs base,semilla
Línea base (GMPE),0.9862,0.7724,0.7042,2.1552,0.0,0.0,0
Random Forest,0.7513,0.5953,0.8283,0.6627,13.9581,0.2349,0
XGBoost,0.765,0.6089,0.822,0.9263,0.4985,0.2212,0
XGBoost monótono,0.7766,0.62,0.8165,1.0078,0.0,0.2095,0
Red neuronal,0.8148,0.6451,0.7981,0.83,1.0417,0.1714,0
Línea base (GMPE),0.9037,0.7141,0.8212,1.5091,0.0,0.0,1
Random Forest,0.8218,0.6417,0.8522,0.6153,19.0625,0.0819,1
XGBoost,0.8459,0.668,0.8434,0.7421,19.8958,0.0578,1
XGBoost monótono,0.8277,0.6447,0.85,0.6938,0.0,0.076,1
Red neuronal,0.8305,0.6343,0.849,0.612,10.4167,0.0732,1
Línea base (GMPE),0.9329,0.7458,0.8038,1.4844,0.0,0.0,2
Random Forest,0.9086,0.7176,0.8139,0.6767,17.3958,0.0244,2
XGBoost,0.9152,0.7252,0.8111,0.8178,7.0833,0.0177,2
XGBoost monótono,0.8717,0.6917,0.8287,0.8686,0.0,0.0613,2
Red neuronal,0.9097,0.7214,0.8134,0.563,4.0625,0.0232,2
Línea base (GMPE),1.028,0.794,0.7735,2.1012,0.0,0.0,3
Random Forest,0.7354,0.5805,0.8841,0.5991,17.7468,0.2927,3
XGBoost,0.7504,0.5893,0.8793,0.8231,0.0,0.2776,3
XGBoost monótono,0.8068,0.6462,0.8605,1.0233,0.0,0.2212,3
Red neuronal,0.8071,0.6356,0.8604,0.6574,6.5625,0.2209,3
Línea base (GMPE),0.9924,0.7698,0.7719,2.0551,0.0,0.0,4
Random Forest,0.8001,0.6338,0.8517,0.6218,15.8524,0.1923,4
XGBoost,0.8324,0.6513,0.8395,0.9076,0.4985,0.16,4
XGBoost monótono,0.8615,0.6801,0.8281,1.0521,0.0,0.1309,4
Red neuronal,0.8488,0.661,0.8331,0.8067,3.0208,0.1436,4
Línea base (GMPE),0.9534,0.7596,0.8141,1.5296,0.0,0.0,5
Random Forest,0.8458,0.6656,0.8537,0.4329,14.2572,0.1077,5
XGBoost,0.8337,0.6597,0.8579,0.5598,9.375,0.1197,5
XGBoost monótono,0.8452,0.6703,0.854,0.6144,0.0,0.1083,5
Red neuronal,0.8436,0.6603,0.8545,0.4195,6.5625,0.1098,5
Línea base (GMPE),1.0535,0.8323,0.7733,2.4492,0.0,0.0,6
Random Forest,0.8276,0.6602,0.8601,0.6311,21.9792,0.2259,6
XGBoost,0.8037,0.6419,0.868,0.9148,0.0,0.2498,6
XGBoost monótono,0.8534,0.6846,0.8512,1.1524,0.0,0.2001,6
Red neuronal,0.8641,0.6956,0.8474,0.7981,3.75,0.1894,6
Línea base (GMPE),0.9274,0.7469,0.8202,1.7173,0.0,0.0,7
Random Forest,0.8888,0.7088,0.8348,0.5978,16.5503,0.0386,7
XGBoost,0.8754,0.705,0.8398,0.525,9.6875,0.052,7
XGBoost monótono,0.8977,0.7102,0.8315,0.4981,0.0,0.0297,7
Red neuronal,0.8218,0.6477,0.8588,0.5633,11.25,0.1056,7
Línea base (GMPE),0.8445,0.675,0.852,1.1581,0.0,0.0,8
Random Forest,0.8106,0.6205,0.8636,0.8026,14.4792,0.034,8
XGBoost,0.7558,0.5798,0.8814,0.7749,6.0417,0.0887,8
XGBoost monótono,0.8054,0.6171,0.8654,0.8332,0.0,0.0391,8
Red neuronal,0.7953,0.6143,0.8687,0.8576,13.4375,0.0492,8
Línea base (GMPE),0.9251,0.7241,0.7843,0.7243,0.0,0.0,9
Random Forest,0.8068,0.6041,0.8359,0.5348,18.9432,0.1184,9
XGBoost,0.762,0.5744,0.8536,0.548,7.0833,0.1632,9
XGBoost monótono,0.786,0.5924,0.8443,0.5014,0.0,0.1392,9
Red neuronal,0.7755,0.5932,0.8484,0.5568,11.0417,0.1496,9
